dataset,hidden_size,lr,weight_decay,epochs,batch_size,train_acc,val_acc,test_acc,best_val_loss,best_epoch
nadia,16,0.0004693367448801117,0.0005025396232209735,50,16,0.7085889570552147,0.7446808510638298,0.6881720430107527,0.16127870976924896,22
thomas,8,0.00048580213095083115,0.0008196058103255612,200,64,0.7322175732217573,0.6176470588235294,0.6811594202898551,0.2118658572435379,65
boai,4,0.0006673438249659347,0.0004397834489211582,100,16,0.7358490566037735,0.7368421052631579,0.8533333333333334,0.18001975119113922,7
full,16,0.0009966442661439388,0.00042640402658470364,50,16,0.7115384615384616,0.7297297297297297,0.6133333333333333,0.18516525626182556,5
